userId,password
ye00000001,ye00000001_PASS
ye00000002,ye00000002_PASS
ye00000003,ye00000003_PASS
ye00000004,ye00000004_PASS
ye00000005,ye00000005_PASS
ye00000006,ye00000006_PASS
ye00000007,ye00000007_PASS
ye00000008,ye00000008_PASS
ye00000009,ye00000009_PASS
ye00000010,ye00000010_PASS
ye00000011,ye00000011_PASS
ye00000012,ye00000012_PASS
ye00000013,ye00000013_PASS
ye00000014,ye00000014_PASS
ye00000015,ye00000015_PASS
ye00000016,ye00000016_PASS
ye00000017,ye00000017_PASS
ye00000018,ye00000018_PASS
ye00000019,ye00000019_PASS
ye00000020,ye00000020_PASS
ye00000021,ye00000021_PASS
ye00000022,ye00000022_PASS
ye00000023,ye00000023_PASS
ye00000024,ye00000024_PASS
ye00000025,ye00000025_PASS
ye00000026,ye00000026_PASS
ye00000027,ye00000027_PASS
ye00000028,ye00000028_PASS
ye00000029,ye00000029_PASS
ye00000030,ye00000030_PASS
ye00000031,ye00000031_PASS
ye00000032,ye00000032_PASS
ye00000033,ye00000033_PASS
ye00000034,ye00000034_PASS
ye00000035,ye00000035_PASS
ye00000036,ye00000036_PASS
ye00000037,ye00000037_PASS
ye00000038,ye00000038_PASS
ye00000039,ye00000039_PASS
ye00000040,ye00000040_PASS
ye00000041,ye00000041_PASS
ye00000042,ye00000042_PASS
ye00000043,ye00000043_PASS
ye00000044,ye00000044_PASS
ye00000045,ye00000045_PASS
ye00000046,ye00000046_PASS
ye00000047,ye00000047_PASS
ye00000048,ye00000048_PASS
ye00000049,ye00000049_PASS
ye00000050,ye00000050_PASS
ye00000051,ye00000051_PASS
ye00000052,ye00000052_PASS
ye00000053,ye00000053_PASS
ye00000054,ye00000054_PASS
ye00000055,ye00000055_PASS
ye00000056,ye00000056_PASS
ye00000057,ye00000057_PASS
ye00000058,ye00000058_PASS
ye00000059,ye00000059_PASS
ye00000060,ye00000060_PASS
ye00000061,ye00000061_PASS
ye00000062,ye00000062_PASS
ye00000063,ye00000063_PASS
ye00000064,ye00000064_PASS
ye00000065,ye00000065_PASS
ye00000066,ye00000066_PASS
ye00000067,ye00000067_PASS
ye00000068,ye00000068_PASS
ye00000069,ye00000069_PASS
ye00000070,ye00000070_PASS
ye00000071,ye00000071_PASS
ye00000072,ye00000072_PASS
ye00000073,ye00000073_PASS
ye00000074,ye00000074_PASS
ye00000075,ye00000075_PASS
ye00000076,ye00000076_PASS
ye00000077,ye00000077_PASS
ye00000078,ye00000078_PASS
ye00000079,ye00000079_PASS
ye00000080,ye00000080_PASS
ye00000081,ye00000081_PASS
ye00000082,ye00000082_PASS
ye00000083,ye00000083_PASS
ye00000084,ye00000084_PASS
ye00000085,ye00000085_PASS
ye00000086,ye00000086_PASS
ye00000087,ye00000087_PASS
ye00000088,ye00000088_PASS
ye00000089,ye00000089_PASS
ye00000090,ye00000090_PASS
ye00000091,ye00000091_PASS
ye00000092,ye00000092_PASS
ye00000093,ye00000093_PASS
ye00000094,ye00000094_PASS
ye00000095,ye00000095_PASS
ye00000096,ye00000096_PASS
ye00000097,ye00000097_PASS
ye00000098,ye00000098_PASS
ye00000099,ye00000099_PASS
ye00000100,ye00000100_PASS
ye00000101,ye00000101_PASS
ye00000102,ye00000102_PASS
ye00000103,ye00000103_PASS
ye00000104,ye00000104_PASS
ye00000105,ye00000105_PASS
ye00000106,ye00000106_PASS
ye00000107,ye00000107_PASS
ye00000108,ye00000108_PASS
ye00000109,ye00000109_PASS
ye00000110,ye00000110_PASS
ye00000111,ye00000111_PASS
ye00000112,ye00000112_PASS
ye00000113,ye00000113_PASS
ye00000114,ye00000114_PASS
ye00000115,ye00000115_PASS
ye00000116,ye00000116_PASS
ye00000117,ye00000117_PASS
ye00000118,ye00000118_PASS
ye00000119,ye00000119_PASS
ye00000120,ye00000120_PASS
ye00000121,ye00000121_PASS
ye00000122,ye00000122_PASS
ye00000123,ye00000123_PASS
ye00000124,ye00000124_PASS
ye00000125,ye00000125_PASS
ye00000126,ye00000126_PASS
ye00000127,ye00000127_PASS
ye00000128,ye00000128_PASS
ye00000129,ye00000129_PASS
ye00000130,ye00000130_PASS
ye00000131,ye00000131_PASS
ye00000132,ye00000132_PASS
ye00000133,ye00000133_PASS
ye00000134,ye00000134_PASS
ye00000135,ye00000135_PASS
ye00000136,ye00000136_PASS
ye00000137,ye00000137_PASS
ye00000138,ye00000138_PASS
ye00000139,ye00000139_PASS
ye00000140,ye00000140_PASS
ye00000141,ye00000141_PASS
ye00000142,ye00000142_PASS
ye00000143,ye00000143_PASS
ye00000144,ye00000144_PASS
ye00000145,ye00000145_PASS
ye00000146,ye00000146_PASS
ye00000147,ye00000147_PASS
ye00000148,ye00000148_PASS
ye00000149,ye00000149_PASS
ye00000150,ye00000150_PASS
ye00000151,ye00000151_PASS
ye00000152,ye00000152_PASS
ye00000153,ye00000153_PASS
ye00000154,ye00000154_PASS
ye00000155,ye00000155_PASS
ye00000156,ye00000156_PASS
ye00000157,ye00000157_PASS
ye00000158,ye00000158_PASS
ye00000159,ye00000159_PASS
ye00000160,ye00000160_PASS
ye00000161,ye00000161_PASS
ye00000162,ye00000162_PASS
ye00000163,ye00000163_PASS
ye00000164,ye00000164_PASS
ye00000165,ye00000165_PASS
ye00000166,ye00000166_PASS
ye00000167,ye00000167_PASS
ye00000168,ye00000168_PASS
ye00000169,ye00000169_PASS
ye00000170,ye00000170_PASS
ye00000171,ye00000171_PASS
ye00000172,ye00000172_PASS
ye00000173,ye00000173_PASS
ye00000174,ye00000174_PASS
ye00000175,ye00000175_PASS
ye00000176,ye00000176_PASS
ye00000177,ye00000177_PASS
ye00000178,ye00000178_PASS
ye00000179,ye00000179_PASS
ye00000180,ye00000180_PASS
ye00000181,ye00000181_PASS
ye00000182,ye00000182_PASS
ye00000183,ye00000183_PASS
ye00000184,ye00000184_PASS
ye00000185,ye00000185_PASS
ye00000186,ye00000186_PASS
ye00000187,ye00000187_PASS
ye00000188,ye00000188_PASS
ye00000189,ye00000189_PASS
ye00000190,ye00000190_PASS
ye00000191,ye00000191_PASS
ye00000192,ye00000192_PASS
ye00000193,ye00000193_PASS
ye00000194,ye00000194_PASS
ye00000195,ye00000195_PASS
ye00000196,ye00000196_PASS
ye00000197,ye00000197_PASS
ye00000198,ye00000198_PASS
ye00000199,ye00000199_PASS
ye00000200,ye00000200_PASS
ye00000201,ye00000201_PASS
ye00000202,ye00000202_PASS
ye00000203,ye00000203_PASS
ye00000204,ye00000204_PASS
ye00000205,ye00000205_PASS
ye00000206,ye00000206_PASS
ye00000207,ye00000207_PASS
ye00000208,ye00000208_PASS
ye00000209,ye00000209_PASS
ye00000210,ye00000210_PASS
ye00000211,ye00000211_PASS
ye00000212,ye00000212_PASS
ye00000213,ye00000213_PASS
ye00000214,ye00000214_PASS
ye00000215,ye00000215_PASS
ye00000216,ye00000216_PASS
ye00000217,ye00000217_PASS
ye00000218,ye00000218_PASS
ye00000219,ye00000219_PASS
ye00000220,ye00000220_PASS
ye00000221,ye00000221_PASS
ye00000222,ye00000222_PASS
ye00000223,ye00000223_PASS
ye00000224,ye00000224_PASS
ye00000225,ye00000225_PASS
ye00000226,ye00000226_PASS
ye00000227,ye00000227_PASS
ye00000228,ye00000228_PASS
ye00000229,ye00000229_PASS
ye00000230,ye00000230_PASS
ye00000231,ye00000231_PASS
ye00000232,ye00000232_PASS
ye00000233,ye00000233_PASS
ye00000234,ye00000234_PASS
ye00000235,ye00000235_PASS
ye00000236,ye00000236_PASS
ye00000237,ye00000237_PASS
ye00000238,ye00000238_PASS
ye00000239,ye00000239_PASS
ye00000240,ye00000240_PASS
ye00000241,ye00000241_PASS
ye00000242,ye00000242_PASS
ye00000243,ye00000243_PASS
ye00000244,ye00000244_PASS
ye00000245,ye00000245_PASS
ye00000246,ye00000246_PASS
ye00000247,ye00000247_PASS
ye00000248,ye00000248_PASS
ye00000249,ye00000249_PASS
ye00000250,ye00000250_PASS
ye00000251,ye00000251_PASS
ye00000252,ye00000252_PASS
ye00000253,ye00000253_PASS
ye00000254,ye00000254_PASS
ye00000255,ye00000255_PASS
ye00000256,ye00000256_PASS
ye00000257,ye00000257_PASS
ye00000258,ye00000258_PASS
ye00000259,ye00000259_PASS
ye00000260,ye00000260_PASS
ye00000261,ye00000261_PASS
ye00000262,ye00000262_PASS
ye00000263,ye00000263_PASS
ye00000264,ye00000264_PASS
ye00000265,ye00000265_PASS
ye00000266,ye00000266_PASS
ye00000267,ye00000267_PASS
ye00000268,ye00000268_PASS
ye00000269,ye00000269_PASS
ye00000270,ye00000270_PASS
ye00000271,ye00000271_PASS
ye00000272,ye00000272_PASS
ye00000273,ye00000273_PASS
ye00000274,ye00000274_PASS
ye00000275,ye00000275_PASS
ye00000276,ye00000276_PASS
ye00000277,ye00000277_PASS
ye00000278,ye00000278_PASS
ye00000279,ye00000279_PASS
ye00000280,ye00000280_PASS
ye00000281,ye00000281_PASS
ye00000282,ye00000282_PASS
ye00000283,ye00000283_PASS
ye00000284,ye00000284_PASS
ye00000285,ye00000285_PASS
ye00000286,ye00000286_PASS
ye00000287,ye00000287_PASS
ye00000288,ye00000288_PASS
ye00000289,ye00000289_PASS
ye00000290,ye00000290_PASS
ye00000291,ye00000291_PASS
ye00000292,ye00000292_PASS
ye00000293,ye00000293_PASS
ye00000294,ye00000294_PASS
ye00000295,ye00000295_PASS
ye00000296,ye00000296_PASS
ye00000297,ye00000297_PASS
ye00000298,ye00000298_PASS
ye00000299,ye00000299_PASS
ye00000300,ye00000300_PASS
ye00000301,ye00000301_PASS
ye00000302,ye00000302_PASS
ye00000303,ye00000303_PASS
ye00000304,ye00000304_PASS
ye00000305,ye00000305_PASS
ye00000306,ye00000306_PASS
ye00000307,ye00000307_PASS
ye00000308,ye00000308_PASS
ye00000309,ye00000309_PASS
ye00000310,ye00000310_PASS
ye00000311,ye00000311_PASS
ye00000312,ye00000312_PASS
ye00000313,ye00000313_PASS
ye00000314,ye00000314_PASS
ye00000315,ye00000315_PASS
ye00000316,ye00000316_PASS
ye00000317,ye00000317_PASS
ye00000318,ye00000318_PASS
ye00000319,ye00000319_PASS
ye00000320,ye00000320_PASS
ye00000321,ye00000321_PASS
ye00000322,ye00000322_PASS
ye00000323,ye00000323_PASS
ye00000324,ye00000324_PASS
ye00000325,ye00000325_PASS
ye00000326,ye00000326_PASS
ye00000327,ye00000327_PASS
ye00000328,ye00000328_PASS
ye00000329,ye00000329_PASS
ye00000330,ye00000330_PASS
ye00000331,ye00000331_PASS
ye00000332,ye00000332_PASS
ye00000333,ye00000333_PASS
ye00000334,ye00000334_PASS
ye00000335,ye00000335_PASS
ye00000336,ye00000336_PASS
ye00000337,ye00000337_PASS
ye00000338,ye00000338_PASS
ye00000339,ye00000339_PASS
ye00000340,ye00000340_PASS
ye00000341,ye00000341_PASS
ye00000342,ye00000342_PASS
ye00000343,ye00000343_PASS
ye00000344,ye00000344_PASS
ye00000345,ye00000345_PASS
ye00000346,ye00000346_PASS
ye00000347,ye00000347_PASS
ye00000348,ye00000348_PASS
ye00000349,ye00000349_PASS
ye00000350,ye00000350_PASS
ye00000351,ye00000351_PASS
ye00000352,ye00000352_PASS
ye00000353,ye00000353_PASS
ye00000354,ye00000354_PASS
ye00000355,ye00000355_PASS
ye00000356,ye00000356_PASS
ye00000357,ye00000357_PASS
ye00000358,ye00000358_PASS
ye00000359,ye00000359_PASS
ye00000360,ye00000360_PASS
ye00000361,ye00000361_PASS
ye00000362,ye00000362_PASS
ye00000363,ye00000363_PASS
ye00000364,ye00000364_PASS
ye00000365,ye00000365_PASS
ye00000366,ye00000366_PASS
ye00000367,ye00000367_PASS
ye00000368,ye00000368_PASS
ye00000369,ye00000369_PASS
ye00000370,ye00000370_PASS
ye00000371,ye00000371_PASS
ye00000372,ye00000372_PASS
ye00000373,ye00000373_PASS
ye00000374,ye00000374_PASS
ye00000375,ye00000375_PASS
ye00000376,ye00000376_PASS
ye00000377,ye00000377_PASS
ye00000378,ye00000378_PASS
ye00000379,ye00000379_PASS
ye00000380,ye00000380_PASS
ye00000381,ye00000381_PASS
ye00000382,ye00000382_PASS
ye00000383,ye00000383_PASS
ye00000384,ye00000384_PASS
ye00000385,ye00000385_PASS
ye00000386,ye00000386_PASS
ye00000387,ye00000387_PASS
ye00000388,ye00000388_PASS
ye00000389,ye00000389_PASS
ye00000390,ye00000390_PASS
ye00000391,ye00000391_PASS
ye00000392,ye00000392_PASS
ye00000393,ye00000393_PASS
ye00000394,ye00000394_PASS
ye00000395,ye00000395_PASS
ye00000396,ye00000396_PASS
ye00000397,ye00000397_PASS
ye00000398,ye00000398_PASS
ye00000399,ye00000399_PASS
ye00000400,ye00000400_PASS
ye00000401,ye00000401_PASS
ye00000402,ye00000402_PASS
ye00000403,ye00000403_PASS
ye00000404,ye00000404_PASS
ye00000405,ye00000405_PASS
ye00000406,ye00000406_PASS
ye00000407,ye00000407_PASS
ye00000408,ye00000408_PASS
ye00000409,ye00000409_PASS
ye00000410,ye00000410_PASS
ye00000411,ye00000411_PASS
ye00000412,ye00000412_PASS
ye00000413,ye00000413_PASS
ye00000414,ye00000414_PASS
ye00000415,ye00000415_PASS
ye00000416,ye00000416_PASS
ye00000417,ye00000417_PASS
ye00000418,ye00000418_PASS
ye00000419,ye00000419_PASS
ye00000420,ye00000420_PASS
ye00000421,ye00000421_PASS
ye00000422,ye00000422_PASS
ye00000423,ye00000423_PASS
ye00000424,ye00000424_PASS
ye00000425,ye00000425_PASS
ye00000426,ye00000426_PASS
ye00000427,ye00000427_PASS
ye00000428,ye00000428_PASS
ye00000429,ye00000429_PASS
ye00000430,ye00000430_PASS
ye00000431,ye00000431_PASS
ye00000432,ye00000432_PASS
ye00000433,ye00000433_PASS
ye00000434,ye00000434_PASS
ye00000435,ye00000435_PASS
ye00000436,ye00000436_PASS
ye00000437,ye00000437_PASS
ye00000438,ye00000438_PASS
ye00000439,ye00000439_PASS
ye00000440,ye00000440_PASS
ye00000441,ye00000441_PASS
ye00000442,ye00000442_PASS
ye00000443,ye00000443_PASS
ye00000444,ye00000444_PASS
ye00000445,ye00000445_PASS
ye00000446,ye00000446_PASS
ye00000447,ye00000447_PASS
ye00000448,ye00000448_PASS
ye00000449,ye00000449_PASS
ye00000450,ye00000450_PASS
ye00000451,ye00000451_PASS
ye00000452,ye00000452_PASS
ye00000453,ye00000453_PASS
ye00000454,ye00000454_PASS
ye00000455,ye00000455_PASS
ye00000456,ye00000456_PASS
ye00000457,ye00000457_PASS
ye00000458,ye00000458_PASS
ye00000459,ye00000459_PASS
ye00000460,ye00000460_PASS
ye00000461,ye00000461_PASS
ye00000462,ye00000462_PASS
ye00000463,ye00000463_PASS
ye00000464,ye00000464_PASS
ye00000465,ye00000465_PASS
ye00000466,ye00000466_PASS
ye00000467,ye00000467_PASS
ye00000468,ye00000468_PASS
ye00000469,ye00000469_PASS
ye00000470,ye00000470_PASS
ye00000471,ye00000471_PASS
ye00000472,ye00000472_PASS
ye00000473,ye00000473_PASS
ye00000474,ye00000474_PASS
ye00000475,ye00000475_PASS
ye00000476,ye00000476_PASS
ye00000477,ye00000477_PASS
ye00000478,ye00000478_PASS
ye00000479,ye00000479_PASS
ye00000480,ye00000480_PASS
ye00000481,ye00000481_PASS
ye00000482,ye00000482_PASS
ye00000483,ye00000483_PASS
ye00000484,ye00000484_PASS
ye00000485,ye00000485_PASS
ye00000486,ye00000486_PASS
ye00000487,ye00000487_PASS
ye00000488,ye00000488_PASS
ye00000489,ye00000489_PASS
ye00000490,ye00000490_PASS
ye00000491,ye00000491_PASS
ye00000492,ye00000492_PASS
ye00000493,ye00000493_PASS
ye00000494,ye00000494_PASS
ye00000495,ye00000495_PASS
ye00000496,ye00000496_PASS
ye00000497,ye00000497_PASS
ye00000498,ye00000498_PASS
ye00000499,ye00000499_PASS
ye00000500,ye00000500_PASS
ye00000501,ye00000501_PASS
ye00000502,ye00000502_PASS
ye00000503,ye00000503_PASS
ye00000504,ye00000504_PASS
ye00000505,ye00000505_PASS
ye00000506,ye00000506_PASS
ye00000507,ye00000507_PASS
ye00000508,ye00000508_PASS
ye00000509,ye00000509_PASS
ye00000510,ye00000510_PASS
ye00000511,ye00000511_PASS
ye00000512,ye00000512_PASS
ye00000513,ye00000513_PASS
ye00000514,ye00000514_PASS
ye00000515,ye00000515_PASS
ye00000516,ye00000516_PASS
ye00000517,ye00000517_PASS
ye00000518,ye00000518_PASS
ye00000519,ye00000519_PASS
ye00000520,ye00000520_PASS
ye00000521,ye00000521_PASS
ye00000522,ye00000522_PASS
ye00000523,ye00000523_PASS
ye00000524,ye00000524_PASS
ye00000525,ye00000525_PASS
ye00000526,ye00000526_PASS
ye00000527,ye00000527_PASS
ye00000528,ye00000528_PASS
ye00000529,ye00000529_PASS
ye00000530,ye00000530_PASS
ye00000531,ye00000531_PASS
ye00000532,ye00000532_PASS
ye00000533,ye00000533_PASS
ye00000534,ye00000534_PASS
ye00000535,ye00000535_PASS
ye00000536,ye00000536_PASS
ye00000537,ye00000537_PASS
ye00000538,ye00000538_PASS
ye00000539,ye00000539_PASS
ye00000540,ye00000540_PASS
ye00000541,ye00000541_PASS
ye00000542,ye00000542_PASS
ye00000543,ye00000543_PASS
ye00000544,ye00000544_PASS
ye00000545,ye00000545_PASS
ye00000546,ye00000546_PASS
ye00000547,ye00000547_PASS
ye00000548,ye00000548_PASS
ye00000549,ye00000549_PASS
ye00000550,ye00000550_PASS
ye00000551,ye00000551_PASS
ye00000552,ye00000552_PASS
ye00000553,ye00000553_PASS
ye00000554,ye00000554_PASS
ye00000555,ye00000555_PASS
ye00000556,ye00000556_PASS
ye00000557,ye00000557_PASS
ye00000558,ye00000558_PASS
ye00000559,ye00000559_PASS
ye00000560,ye00000560_PASS
ye00000561,ye00000561_PASS
ye00000562,ye00000562_PASS
ye00000563,ye00000563_PASS
ye00000564,ye00000564_PASS
ye00000565,ye00000565_PASS
ye00000566,ye00000566_PASS
ye00000567,ye00000567_PASS
ye00000568,ye00000568_PASS
ye00000569,ye00000569_PASS
ye00000570,ye00000570_PASS
ye00000571,ye00000571_PASS
ye00000572,ye00000572_PASS
ye00000573,ye00000573_PASS
ye00000574,ye00000574_PASS
ye00000575,ye00000575_PASS
ye00000576,ye00000576_PASS
ye00000577,ye00000577_PASS
ye00000578,ye00000578_PASS
ye00000579,ye00000579_PASS
ye00000580,ye00000580_PASS
ye00000581,ye00000581_PASS
ye00000582,ye00000582_PASS
ye00000583,ye00000583_PASS
ye00000584,ye00000584_PASS
ye00000585,ye00000585_PASS
ye00000586,ye00000586_PASS
ye00000587,ye00000587_PASS
ye00000588,ye00000588_PASS
ye00000589,ye00000589_PASS
ye00000590,ye00000590_PASS
ye00000591,ye00000591_PASS
ye00000592,ye00000592_PASS
ye00000593,ye00000593_PASS
ye00000594,ye00000594_PASS
ye00000595,ye00000595_PASS
ye00000596,ye00000596_PASS
ye00000597,ye00000597_PASS
ye00000598,ye00000598_PASS
ye00000599,ye00000599_PASS
ye00000600,ye00000600_PASS
ye00000601,ye00000601_PASS
ye00000602,ye00000602_PASS
ye00000603,ye00000603_PASS
ye00000604,ye00000604_PASS
ye00000605,ye00000605_PASS
ye00000606,ye00000606_PASS
ye00000607,ye00000607_PASS
ye00000608,ye00000608_PASS
ye00000609,ye00000609_PASS
ye00000610,ye00000610_PASS
ye00000611,ye00000611_PASS
ye00000612,ye00000612_PASS
ye00000613,ye00000613_PASS
ye00000614,ye00000614_PASS
ye00000615,ye00000615_PASS
ye00000616,ye00000616_PASS
ye00000617,ye00000617_PASS
ye00000618,ye00000618_PASS
ye00000619,ye00000619_PASS
ye00000620,ye00000620_PASS
ye00000621,ye00000621_PASS
ye00000622,ye00000622_PASS
ye00000623,ye00000623_PASS
ye00000624,ye00000624_PASS
ye00000625,ye00000625_PASS
ye00000626,ye00000626_PASS
ye00000627,ye00000627_PASS
ye00000628,ye00000628_PASS
ye00000629,ye00000629_PASS
ye00000630,ye00000630_PASS
ye00000631,ye00000631_PASS
ye00000632,ye00000632_PASS
ye00000633,ye00000633_PASS
ye00000634,ye00000634_PASS
ye00000635,ye00000635_PASS
ye00000636,ye00000636_PASS
ye00000637,ye00000637_PASS
ye00000638,ye00000638_PASS
ye00000639,ye00000639_PASS
ye00000640,ye00000640_PASS
ye00000641,ye00000641_PASS
ye00000642,ye00000642_PASS
ye00000643,ye00000643_PASS
ye00000644,ye00000644_PASS
ye00000645,ye00000645_PASS
ye00000646,ye00000646_PASS
ye00000647,ye00000647_PASS
ye00000648,ye00000648_PASS
ye00000649,ye00000649_PASS
ye00000650,ye00000650_PASS
ye00000651,ye00000651_PASS
ye00000652,ye00000652_PASS
ye00000653,ye00000653_PASS
ye00000654,ye00000654_PASS
ye00000655,ye00000655_PASS
ye00000656,ye00000656_PASS
ye00000657,ye00000657_PASS
ye00000658,ye00000658_PASS
ye00000659,ye00000659_PASS
ye00000660,ye00000660_PASS
ye00000661,ye00000661_PASS
ye00000662,ye00000662_PASS
ye00000663,ye00000663_PASS
ye00000664,ye00000664_PASS
ye00000665,ye00000665_PASS
ye00000666,ye00000666_PASS
ye00000667,ye00000667_PASS
ye00000668,ye00000668_PASS
ye00000669,ye00000669_PASS
ye00000670,ye00000670_PASS
ye00000671,ye00000671_PASS
ye00000672,ye00000672_PASS
ye00000673,ye00000673_PASS
ye00000674,ye00000674_PASS
ye00000675,ye00000675_PASS
ye00000676,ye00000676_PASS
ye00000677,ye00000677_PASS
ye00000678,ye00000678_PASS
ye00000679,ye00000679_PASS
ye00000680,ye00000680_PASS
ye00000681,ye00000681_PASS
ye00000682,ye00000682_PASS
ye00000683,ye00000683_PASS
ye00000684,ye00000684_PASS
ye00000685,ye00000685_PASS
ye00000686,ye00000686_PASS
ye00000687,ye00000687_PASS
ye00000688,ye00000688_PASS
ye00000689,ye00000689_PASS
ye00000690,ye00000690_PASS
ye00000691,ye00000691_PASS
ye00000692,ye00000692_PASS
ye00000693,ye00000693_PASS
ye00000694,ye00000694_PASS
ye00000695,ye00000695_PASS
ye00000696,ye00000696_PASS
ye00000697,ye00000697_PASS
ye00000698,ye00000698_PASS
ye00000699,ye00000699_PASS
ye00000700,ye00000700_PASS
ye00000701,ye00000701_PASS
ye00000702,ye00000702_PASS
ye00000703,ye00000703_PASS
ye00000704,ye00000704_PASS
ye00000705,ye00000705_PASS
ye00000706,ye00000706_PASS
ye00000707,ye00000707_PASS
ye00000708,ye00000708_PASS
ye00000709,ye00000709_PASS
ye00000710,ye00000710_PASS
ye00000711,ye00000711_PASS
ye00000712,ye00000712_PASS
ye00000713,ye00000713_PASS
ye00000714,ye00000714_PASS
ye00000715,ye00000715_PASS
ye00000716,ye00000716_PASS
ye00000717,ye00000717_PASS
ye00000718,ye00000718_PASS
ye00000719,ye00000719_PASS
ye00000720,ye00000720_PASS
ye00000721,ye00000721_PASS
ye00000722,ye00000722_PASS
ye00000723,ye00000723_PASS
ye00000724,ye00000724_PASS
ye00000725,ye00000725_PASS
ye00000726,ye00000726_PASS
ye00000727,ye00000727_PASS
ye00000728,ye00000728_PASS
ye00000729,ye00000729_PASS
ye00000730,ye00000730_PASS
ye00000731,ye00000731_PASS
ye00000732,ye00000732_PASS
ye00000733,ye00000733_PASS
ye00000734,ye00000734_PASS
ye00000735,ye00000735_PASS
ye00000736,ye00000736_PASS
ye00000737,ye00000737_PASS
ye00000738,ye00000738_PASS
ye00000739,ye00000739_PASS
ye00000740,ye00000740_PASS
ye00000741,ye00000741_PASS
ye00000742,ye00000742_PASS
ye00000743,ye00000743_PASS
ye00000744,ye00000744_PASS
ye00000745,ye00000745_PASS
ye00000746,ye00000746_PASS
ye00000747,ye00000747_PASS
ye00000748,ye00000748_PASS
ye00000749,ye00000749_PASS
ye00000750,ye00000750_PASS
ye00000751,ye00000751_PASS
ye00000752,ye00000752_PASS
ye00000753,ye00000753_PASS
ye00000754,ye00000754_PASS
ye00000755,ye00000755_PASS
ye00000756,ye00000756_PASS
ye00000757,ye00000757_PASS
ye00000758,ye00000758_PASS
ye00000759,ye00000759_PASS
ye00000760,ye00000760_PASS
ye00000761,ye00000761_PASS
ye00000762,ye00000762_PASS
ye00000763,ye00000763_PASS
ye00000764,ye00000764_PASS
ye00000765,ye00000765_PASS
ye00000766,ye00000766_PASS
ye00000767,ye00000767_PASS
ye00000768,ye00000768_PASS
ye00000769,ye00000769_PASS
ye00000770,ye00000770_PASS
ye00000771,ye00000771_PASS
ye00000772,ye00000772_PASS
ye00000773,ye00000773_PASS
ye00000774,ye00000774_PASS
ye00000775,ye00000775_PASS
ye00000776,ye00000776_PASS
ye00000777,ye00000777_PASS
ye00000778,ye00000778_PASS
ye00000779,ye00000779_PASS
ye00000780,ye00000780_PASS
ye00000781,ye00000781_PASS
ye00000782,ye00000782_PASS
ye00000783,ye00000783_PASS
ye00000784,ye00000784_PASS
ye00000785,ye00000785_PASS
ye00000786,ye00000786_PASS
ye00000787,ye00000787_PASS
ye00000788,ye00000788_PASS
ye00000789,ye00000789_PASS
ye00000790,ye00000790_PASS
ye00000791,ye00000791_PASS
ye00000792,ye00000792_PASS
ye00000793,ye00000793_PASS
ye00000794,ye00000794_PASS
ye00000795,ye00000795_PASS
ye00000796,ye00000796_PASS
ye00000797,ye00000797_PASS
ye00000798,ye00000798_PASS
ye00000799,ye00000799_PASS
ye00000800,ye00000800_PASS
ye00000801,ye00000801_PASS
ye00000802,ye00000802_PASS
ye00000803,ye00000803_PASS
ye00000804,ye00000804_PASS
ye00000805,ye00000805_PASS
ye00000806,ye00000806_PASS
ye00000807,ye00000807_PASS
ye00000808,ye00000808_PASS
ye00000809,ye00000809_PASS
ye00000810,ye00000810_PASS
ye00000811,ye00000811_PASS
ye00000812,ye00000812_PASS
ye00000813,ye00000813_PASS
ye00000814,ye00000814_PASS
ye00000815,ye00000815_PASS
ye00000816,ye00000816_PASS
ye00000817,ye00000817_PASS
ye00000818,ye00000818_PASS
ye00000819,ye00000819_PASS
ye00000820,ye00000820_PASS
ye00000821,ye00000821_PASS
ye00000822,ye00000822_PASS
ye00000823,ye00000823_PASS
ye00000824,ye00000824_PASS
ye00000825,ye00000825_PASS
ye00000826,ye00000826_PASS
ye00000827,ye00000827_PASS
ye00000828,ye00000828_PASS
ye00000829,ye00000829_PASS
ye00000830,ye00000830_PASS
ye00000831,ye00000831_PASS
ye00000832,ye00000832_PASS
ye00000833,ye00000833_PASS
ye00000834,ye00000834_PASS
ye00000835,ye00000835_PASS
ye00000836,ye00000836_PASS
ye00000837,ye00000837_PASS
ye00000838,ye00000838_PASS
ye00000839,ye00000839_PASS
ye00000840,ye00000840_PASS
ye00000841,ye00000841_PASS
ye00000842,ye00000842_PASS
ye00000843,ye00000843_PASS
ye00000844,ye00000844_PASS
ye00000845,ye00000845_PASS
ye00000846,ye00000846_PASS
ye00000847,ye00000847_PASS
ye00000848,ye00000848_PASS
ye00000849,ye00000849_PASS
ye00000850,ye00000850_PASS
ye00000851,ye00000851_PASS
ye00000852,ye00000852_PASS
ye00000853,ye00000853_PASS
ye00000854,ye00000854_PASS
ye00000855,ye00000855_PASS
ye00000856,ye00000856_PASS
ye00000857,ye00000857_PASS
ye00000858,ye00000858_PASS
ye00000859,ye00000859_PASS
ye00000860,ye00000860_PASS
ye00000861,ye00000861_PASS
ye00000862,ye00000862_PASS
ye00000863,ye00000863_PASS
ye00000864,ye00000864_PASS
ye00000865,ye00000865_PASS
ye00000866,ye00000866_PASS
ye00000867,ye00000867_PASS
ye00000868,ye00000868_PASS
ye00000869,ye00000869_PASS
ye00000870,ye00000870_PASS
ye00000871,ye00000871_PASS
ye00000872,ye00000872_PASS
ye00000873,ye00000873_PASS
ye00000874,ye00000874_PASS
ye00000875,ye00000875_PASS
ye00000876,ye00000876_PASS
ye00000877,ye00000877_PASS
ye00000878,ye00000878_PASS
ye00000879,ye00000879_PASS
ye00000880,ye00000880_PASS
ye00000881,ye00000881_PASS
ye00000882,ye00000882_PASS
ye00000883,ye00000883_PASS
ye00000884,ye00000884_PASS
ye00000885,ye00000885_PASS
ye00000886,ye00000886_PASS
ye00000887,ye00000887_PASS
ye00000888,ye00000888_PASS
ye00000889,ye00000889_PASS
ye00000890,ye00000890_PASS
ye00000891,ye00000891_PASS
ye00000892,ye00000892_PASS
ye00000893,ye00000893_PASS
ye00000894,ye00000894_PASS
ye00000895,ye00000895_PASS
ye00000896,ye00000896_PASS
ye00000897,ye00000897_PASS
ye00000898,ye00000898_PASS
ye00000899,ye00000899_PASS
ye00000900,ye00000900_PASS
ye00000901,ye00000901_PASS
ye00000902,ye00000902_PASS
ye00000903,ye00000903_PASS
ye00000904,ye00000904_PASS
ye00000905,ye00000905_PASS
ye00000906,ye00000906_PASS
ye00000907,ye00000907_PASS
ye00000908,ye00000908_PASS
ye00000909,ye00000909_PASS
ye00000910,ye00000910_PASS
ye00000911,ye00000911_PASS
ye00000912,ye00000912_PASS
ye00000913,ye00000913_PASS
ye00000914,ye00000914_PASS
ye00000915,ye00000915_PASS
ye00000916,ye00000916_PASS
ye00000917,ye00000917_PASS
ye00000918,ye00000918_PASS
ye00000919,ye00000919_PASS
ye00000920,ye00000920_PASS
ye00000921,ye00000921_PASS
ye00000922,ye00000922_PASS
ye00000923,ye00000923_PASS
ye00000924,ye00000924_PASS
ye00000925,ye00000925_PASS
ye00000926,ye00000926_PASS
ye00000927,ye00000927_PASS
ye00000928,ye00000928_PASS
ye00000929,ye00000929_PASS
ye00000930,ye00000930_PASS
ye00000931,ye00000931_PASS
ye00000932,ye00000932_PASS
ye00000933,ye00000933_PASS
ye00000934,ye00000934_PASS
ye00000935,ye00000935_PASS
ye00000936,ye00000936_PASS
ye00000937,ye00000937_PASS
ye00000938,ye00000938_PASS
ye00000939,ye00000939_PASS
ye00000940,ye00000940_PASS
ye00000941,ye00000941_PASS
ye00000942,ye00000942_PASS
ye00000943,ye00000943_PASS
ye00000944,ye00000944_PASS
ye00000945,ye00000945_PASS
ye00000946,ye00000946_PASS
ye00000947,ye00000947_PASS
ye00000948,ye00000948_PASS
ye00000949,ye00000949_PASS
ye00000950,ye00000950_PASS
ye00000951,ye00000951_PASS
ye00000952,ye00000952_PASS
ye00000953,ye00000953_PASS
ye00000954,ye00000954_PASS
ye00000955,ye00000955_PASS
ye00000956,ye00000956_PASS
ye00000957,ye00000957_PASS
ye00000958,ye00000958_PASS
ye00000959,ye00000959_PASS
ye00000960,ye00000960_PASS
ye00000961,ye00000961_PASS
ye00000962,ye00000962_PASS
ye00000963,ye00000963_PASS
ye00000964,ye00000964_PASS
ye00000965,ye00000965_PASS
ye00000966,ye00000966_PASS
ye00000967,ye00000967_PASS
ye00000968,ye00000968_PASS
ye00000969,ye00000969_PASS
ye00000970,ye00000970_PASS
ye00000971,ye00000971_PASS
ye00000972,ye00000972_PASS
ye00000973,ye00000973_PASS
ye00000974,ye00000974_PASS
ye00000975,ye00000975_PASS
ye00000976,ye00000976_PASS
ye00000977,ye00000977_PASS
ye00000978,ye00000978_PASS
ye00000979,ye00000979_PASS
ye00000980,ye00000980_PASS
ye00000981,ye00000981_PASS
ye00000982,ye00000982_PASS
ye00000983,ye00000983_PASS
ye00000984,ye00000984_PASS
ye00000985,ye00000985_PASS
ye00000986,ye00000986_PASS
ye00000987,ye00000987_PASS
ye00000988,ye00000988_PASS
ye00000989,ye00000989_PASS
ye00000990,ye00000990_PASS
ye00000991,ye00000991_PASS
ye00000992,ye00000992_PASS
ye00000993,ye00000993_PASS
ye00000994,ye00000994_PASS
ye00000995,ye00000995_PASS
ye00000996,ye00000996_PASS
ye00000997,ye00000997_PASS
ye00000998,ye00000998_PASS
ye00000999,ye00000999_PASS
ye00001000,ye00001000_PASS
ye00001001,ye00001001_PASS
ye00001002,ye00001002_PASS
ye00001003,ye00001003_PASS
ye00001004,ye00001004_PASS
ye00001005,ye00001005_PASS
ye00001006,ye00001006_PASS
ye00001007,ye00001007_PASS
ye00001008,ye00001008_PASS
ye00001009,ye00001009_PASS
ye00001010,ye00001010_PASS
ye00001011,ye00001011_PASS
ye00001012,ye00001012_PASS
ye00001013,ye00001013_PASS
ye00001014,ye00001014_PASS
ye00001015,ye00001015_PASS
ye00001016,ye00001016_PASS
ye00001017,ye00001017_PASS
ye00001018,ye00001018_PASS
ye00001019,ye00001019_PASS
ye00001020,ye00001020_PASS
ye00001021,ye00001021_PASS
ye00001022,ye00001022_PASS
ye00001023,ye00001023_PASS
ye00001024,ye00001024_PASS
ye00001025,ye00001025_PASS
ye00001026,ye00001026_PASS
ye00001027,ye00001027_PASS
ye00001028,ye00001028_PASS
ye00001029,ye00001029_PASS
ye00001030,ye00001030_PASS
ye00001031,ye00001031_PASS
ye00001032,ye00001032_PASS
ye00001033,ye00001033_PASS
ye00001034,ye00001034_PASS
ye00001035,ye00001035_PASS
ye00001036,ye00001036_PASS
ye00001037,ye00001037_PASS
ye00001038,ye00001038_PASS
ye00001039,ye00001039_PASS
ye00001040,ye00001040_PASS
ye00001041,ye00001041_PASS
ye00001042,ye00001042_PASS
ye00001043,ye00001043_PASS
ye00001044,ye00001044_PASS
ye00001045,ye00001045_PASS
ye00001046,ye00001046_PASS
ye00001047,ye00001047_PASS
ye00001048,ye00001048_PASS
ye00001049,ye00001049_PASS
ye00001050,ye00001050_PASS
ye00001051,ye00001051_PASS
ye00001052,ye00001052_PASS
ye00001053,ye00001053_PASS
ye00001054,ye00001054_PASS
ye00001055,ye00001055_PASS
ye00001056,ye00001056_PASS
ye00001057,ye00001057_PASS
ye00001058,ye00001058_PASS
ye00001059,ye00001059_PASS
ye00001060,ye00001060_PASS
ye00001061,ye00001061_PASS
ye00001062,ye00001062_PASS
ye00001063,ye00001063_PASS
ye00001064,ye00001064_PASS
ye00001065,ye00001065_PASS
ye00001066,ye00001066_PASS
ye00001067,ye00001067_PASS
ye00001068,ye00001068_PASS
ye00001069,ye00001069_PASS
ye00001070,ye00001070_PASS
ye00001071,ye00001071_PASS
ye00001072,ye00001072_PASS
ye00001073,ye00001073_PASS
ye00001074,ye00001074_PASS
ye00001075,ye00001075_PASS
ye00001076,ye00001076_PASS
ye00001077,ye00001077_PASS
ye00001078,ye00001078_PASS
ye00001079,ye00001079_PASS
ye00001080,ye00001080_PASS
ye00001081,ye00001081_PASS
ye00001082,ye00001082_PASS
ye00001083,ye00001083_PASS
ye00001084,ye00001084_PASS
ye00001085,ye00001085_PASS
ye00001086,ye00001086_PASS
ye00001087,ye00001087_PASS
ye00001088,ye00001088_PASS
ye00001089,ye00001089_PASS
ye00001090,ye00001090_PASS
ye00001091,ye00001091_PASS
ye00001092,ye00001092_PASS
ye00001093,ye00001093_PASS
ye00001094,ye00001094_PASS
ye00001095,ye00001095_PASS
ye00001096,ye00001096_PASS
ye00001097,ye00001097_PASS
ye00001098,ye00001098_PASS
ye00001099,ye00001099_PASS
ye00001100,ye00001100_PASS
ye00001101,ye00001101_PASS
ye00001102,ye00001102_PASS
ye00001103,ye00001103_PASS
ye00001104,ye00001104_PASS
ye00001105,ye00001105_PASS
ye00001106,ye00001106_PASS
ye00001107,ye00001107_PASS
ye00001108,ye00001108_PASS
ye00001109,ye00001109_PASS
ye00001110,ye00001110_PASS
ye00001111,ye00001111_PASS
ye00001112,ye00001112_PASS
ye00001113,ye00001113_PASS
ye00001114,ye00001114_PASS
ye00001115,ye00001115_PASS
ye00001116,ye00001116_PASS
ye00001117,ye00001117_PASS
ye00001118,ye00001118_PASS
ye00001119,ye00001119_PASS
ye00001120,ye00001120_PASS
ye00001121,ye00001121_PASS
ye00001122,ye00001122_PASS
ye00001123,ye00001123_PASS
ye00001124,ye00001124_PASS
ye00001125,ye00001125_PASS
ye00001126,ye00001126_PASS
ye00001127,ye00001127_PASS
ye00001128,ye00001128_PASS
ye00001129,ye00001129_PASS
ye00001130,ye00001130_PASS
ye00001131,ye00001131_PASS
ye00001132,ye00001132_PASS
ye00001133,ye00001133_PASS
ye00001134,ye00001134_PASS
ye00001135,ye00001135_PASS
ye00001136,ye00001136_PASS
ye00001137,ye00001137_PASS
ye00001138,ye00001138_PASS
ye00001139,ye00001139_PASS
ye00001140,ye00001140_PASS
ye00001141,ye00001141_PASS
ye00001142,ye00001142_PASS
ye00001143,ye00001143_PASS
ye00001144,ye00001144_PASS
ye00001145,ye00001145_PASS
ye00001146,ye00001146_PASS
ye00001147,ye00001147_PASS
ye00001148,ye00001148_PASS
ye00001149,ye00001149_PASS
ye00001150,ye00001150_PASS
ye00001151,ye00001151_PASS
ye00001152,ye00001152_PASS
ye00001153,ye00001153_PASS
ye00001154,ye00001154_PASS
ye00001155,ye00001155_PASS
ye00001156,ye00001156_PASS
ye00001157,ye00001157_PASS
ye00001158,ye00001158_PASS
ye00001159,ye00001159_PASS
ye00001160,ye00001160_PASS
ye00001161,ye00001161_PASS
ye00001162,ye00001162_PASS
ye00001163,ye00001163_PASS
ye00001164,ye00001164_PASS
ye00001165,ye00001165_PASS
ye00001166,ye00001166_PASS
ye00001167,ye00001167_PASS
ye00001168,ye00001168_PASS
ye00001169,ye00001169_PASS
ye00001170,ye00001170_PASS
ye00001171,ye00001171_PASS
ye00001172,ye00001172_PASS
ye00001173,ye00001173_PASS
ye00001174,ye00001174_PASS
ye00001175,ye00001175_PASS
ye00001176,ye00001176_PASS
ye00001177,ye00001177_PASS
ye00001178,ye00001178_PASS
ye00001179,ye00001179_PASS
ye00001180,ye00001180_PASS
ye00001181,ye00001181_PASS
ye00001182,ye00001182_PASS
ye00001183,ye00001183_PASS
ye00001184,ye00001184_PASS
ye00001185,ye00001185_PASS
ye00001186,ye00001186_PASS
ye00001187,ye00001187_PASS
ye00001188,ye00001188_PASS
ye00001189,ye00001189_PASS
ye00001190,ye00001190_PASS
ye00001191,ye00001191_PASS
ye00001192,ye00001192_PASS
ye00001193,ye00001193_PASS
ye00001194,ye00001194_PASS
ye00001195,ye00001195_PASS
ye00001196,ye00001196_PASS
ye00001197,ye00001197_PASS
ye00001198,ye00001198_PASS
ye00001199,ye00001199_PASS
ye00001200,ye00001200_PASS
